runIndex,startVertexId,runSeed
0,187,5048155329848023935
1,22,-6501258319121974814
2,188,-8674778198901632672
3,109,-2164615031255584326
4,57,5365669230821704923
5,147,2757688000157702804
6,111,-6494820709374115226
7,46,6353277445225059400
8,102,7990925304391268235
9,48,3436740524619968330
10,175,6774184093318858252
11,34,5184684242133528183
12,42,3138590206818084173
13,50,-6662829836851076848
14,8,-923043066277775885
15,80,-7776299400392632058
16,93,-6169490931249779769
17,49,1107240168913453431
18,18,3934737113985020384
19,124,-7438774034766309000
20,23,4877900169527520513
21,26,4977405588250695445
22,106,-6529396152298864577
23,163,1546471216080959125
24,155,551607089888081895
25,113,2190266397590075905
26,119,7142376274751274653
27,81,2713016367176555751
28,6,-790372090114490168
29,108,-6315595943498907557
30,169,-1138564674374262227
31,36,8416046188413096766
32,121,4979086115530500570
33,167,3204666005302098626
34,165,8531669707149871173
35,107,7418550112130481965
36,73,-6651230478315299917
37,30,-5847039430337199908
38,198,-6242562762726664482
39,160,-1962441254934709878
40,157,4736261960700685777
41,71,-9117984788258222638
42,138,-8942659836625539817
43,4,-2967045163065871631
44,168,8046337535169142548
45,17,9095426824041147601
46,174,-7046834448892009551
47,125,2421733338951149634
48,59,-3112770787616711105
49,55,5967655399840363914
50,37,8401439660264136084
51,14,2341655525122828063
52,181,7447010596759659130
53,176,735766088817776818
54,19,-5105704865690146742
55,120,3715629857095098991
56,154,44556805855990739
57,47,-6245105551740109693
58,152,-5302802371255309185
59,12,-1070238613459347746
60,149,-4045105958567574600
61,185,5005305851332127033
62,94,-2578552433848177017
63,130,-1051972086410756262
64,31,-5365806522475448962
65,161,8373581067353294230
66,69,-3817266767288410408
67,101,-624798973229000297
68,116,2307753634136749790
69,179,6206663020393784159
70,58,-7674291369643279733
71,123,8071114163922713228
72,68,-7337493597579540366
73,166,-4146371684678673443
74,146,8876494569671523295
75,38,-2450724616311557388
76,33,7713164291889649212
77,43,7733997538871573597
78,65,1333884688231258806
79,177,-3740737797789547569
80,144,-8226539498717331424
81,118,8909226839797400240
82,132,-5516220939578467049
83,178,5769050079787803358
84,82,8638909957559153253
85,136,1179673559852575148
86,21,-607695743525292118
87,89,-367970055868575958
88,133,-2729254361559462343
89,139,-4546024230647265879
90,150,5719332645862506047
91,156,5882581188897682813
92,2,3633287237188936234
93,104,1937694975270891780
94,28,4770862740694087
95,11,-8136321677218749209
96,39,5243439724618789549
97,171,4569299679546312863
98,74,6354574182682316121
99,199,8914535939642594107
100,63,-6689443328299625830
101,196,-8015425015206365089
102,91,-8303851035634324049
103,189,-7016106932763545201
104,191,-7880565596202611794
105,9,-1946760242681718867
106,84,8927345426556041894
107,128,-1763657883700047680
108,117,-4985248916842883321
109,159,2511610723930101238
110,61,-8866183121559065790
111,54,3948873590341588459
112,134,-2523975915719858772
113,184,-8631848811303897301
114,72,-4481103538200639321
115,129,-2994712078327988491
116,5,4499760199094892803
117,186,1845153945353314370
118,88,3435560894716792481
119,1,809681654515660549
120,103,4167119691755260761
121,151,-1961072112066219085
122,70,-4495037928024663011
123,32,7166589937022286596
124,190,7595993458486233182
125,182,-3427082435017556485
126,100,-1601180010378513490
127,35,5555499550641294884
128,115,6967765105676899750
129,29,-5965175277192891876
130,98,-2176804325701317623
131,110,-3800753355089068458
132,44,1871656276899932969
133,52,2089536881784124955
134,126,-2448867533186027383
135,194,-2933283319828809518
136,51,1465533653498592195
137,24,-5847575290361413759
138,10,7100212069386662316
139,148,1717716506467757715
140,162,-7091638893429084747
141,27,4554892215505076187
142,164,2598440377820194195
143,16,2073515477385644248
144,183,-1525050322989423838
145,79,4987591567693160762
146,41,4190853975926093958
147,67,4378031883053215141
148,195,8209456958615360147
149,127,3976897574335451828
150,13,-1478316255124861586
151,180,-8795705018803219392
152,40,7842069244795400052
153,92,-7369184634045782815
154,60,569097142020877914
155,105,-1088102697950762572
156,140,-8096293718802996588
157,0,-7065527128839473570
158,78,-7517358744337101574
159,143,3029951469007635793
160,77,-4541727352431455575
161,25,7832044963250810958
162,97,-6759930862328736985
163,114,-3252268356673901270
164,75,1420946318238186698
165,20,6769264607080600276
166,7,-1028571874347302055
167,83,1284517826143349397
168,135,6381447786299596019
169,96,7250232787491066266
170,15,389224598326896943
171,53,-6562794827890757969
172,99,6676669721041774212
173,85,-1695259888168140723
174,122,-3079787809002006037
175,90,8072017587571853014
176,62,5938387277554240706
177,145,2372403554588741406
178,158,-6338475872608369421
179,95,-5942259535659261651
180,197,-1133305403836294315
181,76,-4260758521161722046
182,170,-200140256160689070
183,64,9016663380918329627
184,66,-8581912213218353463
185,45,-8292875985556621453
186,173,8743751914913062196
187,131,-8541052482019195956
188,141,-4666608166466609907
189,3,-7599652796388835218
190,112,-3053716880778190739
191,192,-2077813097976605522
192,193,-9206621343061451274
193,87,3465908282299609459
194,172,1111774360417770227
195,142,-253165800229195274
196,153,-7254774497336556611
197,137,-662988591219292984
198,86,8590293978788062816
199,56,-1837804499356409575
